{
	"class_name" : "PinholeCameraParameters",
	"extrinsic" : 
	[
		-0.41828844399593934,
		0.32044083566989334,
		0.84991320054146491,
		0.0,
		0.43458673291747335,
		-0.7510495561980931,
		0.49705023459079473,
		0.0,
		0.79760212461575897,
		0.57727137030154874,
		0.1748960143588173,
		0.0,
		-0.0,
		2.2204460492503131e-16,
		4.0384643765715316,
		1.0
	],
	"intrinsic" : 
	{
		"height" : 1376,
		"intrinsic_matrix" : 
		[
			1191.6509556073877,
			0.0,
			0.0,
			0.0,
			1191.6509556073877,
			0.0,
			1242.5,
			687.5,
			1.0
		],
		"width" : 2486
	},
	"version_major" : 1,
	"version_minor" : 0
}