{
  "detector": "pupil-apriltag",
  "family": "tagStandard41h12",
  "ref_id": 0,
  "tag_length_m": 0.028,
  "camera_matrix": [
    [
      1365.7060546875,
      0.0,
      983.8300170898438
    ],
    [
      0.0,
      1365.2696533203125,
      552.4071655273438
    ],
    [
      0.0,
      0.0,
      1.0
    ]
  ],
  "dist_coeffs": [
    0.0,
    0.0,
    0.0,
    0.0,
    0.0
  ],
  "markers": {
    "0": {
      "T_W_M": [
        [
          1.0,
          3.41826434866969e-16,
          0.0,
          0.0
        ],
        [
          -3.41826434866969e-16,
          1.0,
          0.0,
          0.0
        ],
        [
          0.0,
          0.0,
          1.0,
          0.0
        ],
        [
          0.0,
          0.0,
          0.0,
          1.0
        ]
      ],
      "rvec": [
        0.0,
        0.0,
        0.0
      ],
      "tvec_m": [
        0.0,
        0.0,
        0.0
      ],
      "quaternion_wxyz": [
        1.0,
        0.0,
        0.0,
        -1.709132174334845e-16
      ],
      "observations": 1,
      "median_reproj_error_px": 0.1167739924917032
    },
    "1": {
      "T_W_M": [
        [
          0.9992838696607109,
          0.037838443888660644,
          0.0,
          0.005788840047349031
        ],
        [
          -0.037838443888660644,
          0.9992838696607109,
          0.0,
          0.3568421046759893
        ],
        [
          0.0,
          0.0,
          1.0,
          0.0
        ],
        [
          0.0,
          0.0,
          0.0,
          1.0
        ]
      ],
      "rvec": [
        0.0,
        0.0,
        -0.037847478896030635
      ],
      "tvec_m": [
        0.005788840047349031,
        0.3568421046759893,
        0.0
      ],
      "quaternion_wxyz": [
        0.9998209513859746,
        0.0,
        0.0,
        -0.018922610011426613
      ],
      "observations": 1,
      "median_reproj_error_px": 0.1040755820944522
    },
    "2": {
      "T_W_M": [
        [
          0.06780112900821178,
          -0.9976988558203381,
          0.0,
          0.01839846930798794
        ],
        [
          0.9976988558203381,
          0.06780112900821178,
          0.0,
          0.6586881016838116
        ],
        [
          0.0,
          0.0,
          1.0,
          0.0
        ],
        [
          0.0,
          0.0,
          0.0,
          1.0
        ]
      ],
      "rvec": [
        0.0,
        0.0,
        1.5029431431449745
      ],
      "tvec_m": [
        0.01839846930798794,
        0.6586881016838116,
        0.0
      ],
      "quaternion_wxyz": [
        0.7306849967695422,
        0.0,
        0.0,
        0.6827147541220228
      ],
      "observations": 1,
      "median_reproj_error_px": 0.11151539339378051
    },
    "3": {
      "T_W_M": [
        [
          0.9999563041320483,
          -0.009348252594718887,
          0.0,
          0.18194221822038387
        ],
        [
          0.009348252594718887,
          0.9999563041320483,
          0.0,
          -0.24304510045007735
        ],
        [
          0.0,
          0.0,
          1.0,
          0.0
        ],
        [
          0.0,
          0.0,
          0.0,
          1.0
        ]
      ],
      "rvec": [
        0.0,
        0.0,
        0.00934838875709693
      ],
      "tvec_m": [
        0.18194221822038387,
        -0.24304510045007735,
        0.0
      ],
      "quaternion_wxyz": [
        0.9999890759733449,
        0.0,
        0.0,
        0.004674177358197495
      ],
      "observations": 1,
      "median_reproj_error_px": 0.0762611577860823
    },
    "4": {
      "T_W_M": [
        [
          0.06923662695637219,
          -0.9976002653807307,
          0.0,
          0.22737784209699696
        ],
        [
          0.9976002653807307,
          0.06923662695637219,
          0.0,
          0.954042207600771
        ],
        [
          0.0,
          0.0,
          1.0,
          0.0
        ],
        [
          0.0,
          0.0,
          0.0,
          1.0
        ]
      ],
      "rvec": [
        0.0,
        0.0,
        1.5015042634449443
      ],
      "tvec_m": [
        0.22737784209699696,
        0.954042207600771,
        0.0
      ],
      "quaternion_wxyz": [
        0.731175979828513,
        0.0,
        0.0,
        0.6821888935784677
      ],
      "observations": 1,
      "median_reproj_error_px": 0.1234313534289227
    }
  }
}