{
  "detector": "pupil-apriltag",
  "family": "tagStandard41h12",
  "ref_id": 0,
  "tag_length_m": 0.05,
  "camera_matrix": [
    [
      455.2353515625,
      0.0,
      327.943359375
    ],
    [
      0.0,
      455.0898742675781,
      184.13572692871094
    ],
    [
      0.0,
      0.0,
      1.0
    ]
  ],
  "dist_coeffs": [
    0.0,
    0.0,
    0.0,
    0.0,
    0.0
  ],
  "markers": {
    "0": {
      "T_W_M": [
        [
          1.0,
          0.0,
          0.0,
          0.0
        ],
        [
          0.0,
          1.0,
          0.0,
          0.0
        ],
        [
          0.0,
          0.0,
          1.0,
          0.0
        ],
        [
          0.0,
          0.0,
          0.0,
          1.0
        ]
      ],
      "rvec": [
        0.0,
        0.0,
        0.0
      ],
      "tvec_m": [
        0.0,
        0.0,
        0.0
      ],
      "quaternion_wxyz": [
        1.0,
        0.0,
        0.0,
        0.0
      ],
      "observations": 277,
      "median_reproj_error_px": 12.441177965866679
    },
    "3": {
      "T_W_M": [
        [
          0.9995408204916794,
          0.030300959899325207,
          0.0,
          0.32951043818801184
        ],
        [
          -0.030300959899325207,
          0.9995408204916794,
          0.0,
          -0.4172607625274248
        ],
        [
          0.0,
          0.0,
          1.0,
          0.0
        ],
        [
          0.0,
          0.0,
          0.0,
          1.0
        ]
      ],
      "rvec": [
        0.0,
        0.0,
        -0.030305598611291448
      ],
      "tvec_m": [
        0.32951043818801184,
        -0.4172607625274248,
        0.0
      ],
      "quaternion_wxyz": [
        0.9998851985332314,
        0.0,
        0.0,
        -0.015152219446679882
      ],
      "observations": 263,
      "median_reproj_error_px": 12.763245456166409
    },
    "1": {
      "T_W_M": [
        [
          0.9999973377069646,
          -0.0023075049258822434,
          0.0,
          -0.022610187884302482
        ],
        [
          0.0023075049258822434,
          0.9999973377069646,
          0.0,
          0.6060285986396711
        ],
        [
          0.0,
          0.0,
          1.0,
          0.0
        ],
        [
          0.0,
          0.0,
          0.0,
          1.0
        ]
      ],
      "rvec": [
        0.0,
        0.0,
        0.0023075069736240897
      ],
      "tvec_m": [
        -0.022610187884302482,
        0.6060285986396711,
        0.0
      ],
      "quaternion_wxyz": [
        0.9999993344265197,
        0.0,
        0.0,
        0.001153753230848675
      ],
      "observations": 313,
      "median_reproj_error_px": 11.04603974039126
    },
    "2": {
      "T_W_M": [
        [
          0.048293328220803254,
          -0.9988331965094861,
          0.0,
          -0.019137843829871607
        ],
        [
          0.9988331965094861,
          0.048293328220803254,
          0.0,
          1.0925323200620112
        ],
        [
          0.0,
          0.0,
          1.0,
          0.0
        ],
        [
          0.0,
          0.0,
          0.0,
          1.0
        ]
      ],
      "rvec": [
        0.0,
        0.0,
        1.5224842068619946
      ],
      "tvec_m": [
        -0.019137843829871607,
        1.0925323200620112,
        0.0
      ],
      "quaternion_wxyz": [
        0.7239797401242672,
        0.0,
        0.0,
        0.6898212347337521
      ],
      "observations": 130,
      "median_reproj_error_px": 11.517903229788118
    },
    "4": {
      "T_W_M": [
        [
          0.007005811986540429,
          -0.9999754589980743,
          0.0,
          0.27376778829503046
        ],
        [
          0.9999754589980743,
          0.007005811986540429,
          0.0,
          1.558474227258398
        ],
        [
          0.0,
          0.0,
          1.0,
          0.0
        ],
        [
          0.0,
          0.0,
          0.0,
          1.0
        ]
      ],
      "rvec": [
        0.0,
        0.0,
        1.5637904574979118
      ],
      "tvec_m": [
        0.27376778829503046,
        1.558474227258398,
        0.0
      ],
      "quaternion_wxyz": [
        0.709579386674437,
        0.0,
        0.0,
        0.7046254991176021
      ],
      "observations": 197,
      "median_reproj_error_px": 12.770476389937976
    }
  }
}