{
  "detector": "pupil-apriltag",
  "family": "tagStandard41h12",
  "ref_id": 0,
  "tag_length_m": 0.0365,
  "camera_matrix": [
    [
      910.470703125,
      0.0,
      655.88671875
    ],
    [
      0.0,
      910.1797485351562,
      368.2714538574219
    ],
    [
      0.0,
      0.0,
      1.0
    ]
  ],
  "dist_coeffs": [
    0.0,
    0.0,
    0.0,
    0.0,
    0.0
  ],
  "markers": {
    "0": {
      "T_W_M": [
        [
          1.0,
          -5.3171603162747115e-17,
          0.0,
          0.0
        ],
        [
          5.3171603162747115e-17,
          1.0,
          0.0,
          0.0
        ],
        [
          0.0,
          0.0,
          1.0,
          0.0
        ],
        [
          0.0,
          0.0,
          0.0,
          1.0
        ]
      ],
      "rvec": [
        0.0,
        0.0,
        0.0
      ],
      "tvec_m": [
        0.0,
        0.0,
        0.0
      ],
      "quaternion_wxyz": [
        1.0,
        0.0,
        0.0,
        2.6585801581373558e-17
      ],
      "observations": 1,
      "median_reproj_error_px": 0.06735648227183265
    },
    "1": {
      "T_W_M": [
        [
          0.9998693645200458,
          -0.016163350342048338,
          0.0,
          0.24436402136137925
        ],
        [
          0.016163350342048338,
          0.9998693645200458,
          0.0,
          0.18250673147093985
        ],
        [
          0.0,
          0.0,
          1.0,
          0.0
        ],
        [
          0.0,
          0.0,
          0.0,
          1.0
        ]
      ],
      "rvec": [
        0.0,
        0.0,
        0.01616405421450338
      ],
      "tvec_m": [
        0.24436402136137925,
        0.18250673147093985,
        0.0
      ],
      "quaternion_wxyz": [
        0.9999673405966931,
        0.0,
        0.0,
        0.008081939122333466
      ],
      "observations": 1,
      "median_reproj_error_px": 0.02479201152296078
    },
    "2": {
      "T_W_M": [
        [
          0.9993628053005427,
          0.03569290380215075,
          0.0,
          0.6041903708782617
        ],
        [
          -0.03569290380215075,
          0.9993628053005427,
          0.0,
          0.18153614890685296
        ],
        [
          0.0,
          0.0,
          1.0,
          0.0
        ],
        [
          0.0,
          0.0,
          0.0,
          1.0
        ]
      ],
      "rvec": [
        0.0,
        0.0,
        -0.03570048684463715
      ],
      "tvec_m": [
        0.6041903708782617,
        0.18153614890685296,
        0.0
      ],
      "quaternion_wxyz": [
        0.9998406886350802,
        0.0,
        0.0,
        -0.017849295496703808
      ],
      "observations": 1,
      "median_reproj_error_px": 0.03420192178129042
    },
    "3": {
      "T_W_M": [
        [
          0.9988206979603889,
          0.048551141345201235,
          0.0,
          0.8972508050529051
        ],
        [
          -0.048551141345201235,
          0.9988206979603889,
          0.0,
          0.16409724545635926
        ],
        [
          0.0,
          0.0,
          1.0,
          0.0
        ],
        [
          0.0,
          0.0,
          0.0,
          1.0
        ]
      ],
      "rvec": [
        0.0,
        0.0,
        -0.04857023583944591
      ],
      "tvec_m": [
        0.8972508050529051,
        0.16409724545635926,
        0.0
      ],
      "quaternion_wxyz": [
        0.9997051310162384,
        0.0,
        0.0,
        -0.02428273089678311
      ],
      "observations": 1,
      "median_reproj_error_px": 0.0869120009367593
    },
    "4": {
      "T_W_M": [
        [
          0.9991316440066517,
          0.041664828627579094,
          0.0,
          1.191119821379026
        ],
        [
          -0.041664828627579094,
          0.9991316440066517,
          0.0,
          -0.041000764918799504
        ],
        [
          0.0,
          0.0,
          1.0,
          0.0
        ],
        [
          0.0,
          0.0,
          0.0,
          1.0
        ]
      ],
      "rvec": [
        0.0,
        0.0,
        -0.04167689278595707
      ],
      "tvec_m": [
        1.191119821379026,
        -0.041000764918799504,
        0.0
      ],
      "quaternion_wxyz": [
        0.9997828874327295,
        0.0,
        0.0,
        -0.02083693827495248
      ],
      "observations": 1,
      "median_reproj_error_px": 0.06008789630359194
    }
  }
}