{
  "detector": "pupil-apriltag",
  "family": "tagStandard41h12",
  "ref_id": 2,
  "tag_length_m": 0.0365,
  "camera_matrix": [
    [
      1365.7060546875,
      0.0,
      983.8300170898438
    ],
    [
      0.0,
      1365.2696533203125,
      552.4071655273438
    ],
    [
      0.0,
      0.0,
      1.0
    ]
  ],
  "dist_coeffs": [
    0.0,
    0.0,
    0.0,
    0.0,
    0.0
  ],
  "object_points_order": {
    "order_mode": "reversed",
    "ref_shift": 0,
    "median_error_px": 0.04184544310596268
  },
  "corner_shifts": {
    "0": 0,
    "1": 0,
    "2": 0,
    "3": 0,
    "4": 0
  },
  "frames_total": 1700,
  "frames_with_required": 462,
  "frames_pass_clarity": 460,
  "frames_used": 460,
  "seen_ids": {
    "0": 789,
    "1": 855,
    "2": 863,
    "3": 836,
    "4": 649
  },
  "initial_stats": {
    "0": {
      "reproj_error_px": {
        "count": 460,
        "mean": 12.395227521240924,
        "median": 11.571090766838163,
        "std": 9.56286706789871
      },
      "pose_consistency": {
        "translation_m": {
          "count": 460,
          "mean": 0.015217705347627158,
          "median": 0.011709743916100171,
          "std": 0.015015140897805437
        },
        "rotation_deg": {
          "count": 460,
          "mean": 2.315147696919421,
          "median": 1.054128430680668,
          "std": 8.892591048371212
        }
      }
    },
    "1": {
      "reproj_error_px": {
        "count": 460,
        "mean": 17.319931911955713,
        "median": 15.737823627596448,
        "std": 5.467849133936589
      },
      "pose_consistency": {
        "translation_m": {
          "count": 460,
          "mean": 0.020901259603398184,
          "median": 0.01902010961328361,
          "std": 0.006991100072412789
        },
        "rotation_deg": {
          "count": 460,
          "mean": 2.167789629941752,
          "median": 1.3449064543778027,
          "std": 7.722521584830594
        }
      }
    },
    "2": {
      "reproj_error_px": {
        "count": 460,
        "mean": 0.057114517922995225,
        "median": 0.04957181061452222,
        "std": 0.03630086779724881
      },
      "pose_consistency": {
        "translation_m": {
          "count": 460,
          "mean": 0.0,
          "median": 0.0,
          "std": 0.0
        },
        "rotation_deg": {
          "count": 460,
          "mean": 6.453604348205769e-07,
          "median": 0.0,
          "std": 8.622403926753954e-07
        }
      }
    },
    "3": {
      "reproj_error_px": {
        "count": 460,
        "mean": 14.085857312621766,
        "median": 13.43023057506368,
        "std": 4.30343049159615
      },
      "pose_consistency": {
        "translation_m": {
          "count": 460,
          "mean": 0.018289254140288043,
          "median": 0.016375700684793826,
          "std": 0.007273005827550927
        },
        "rotation_deg": {
          "count": 460,
          "mean": 1.8200030195635273,
          "median": 1.192531166278183,
          "std": 7.722799641169973
        }
      }
    },
    "4": {
      "reproj_error_px": {
        "count": 460,
        "mean": 14.637356782035532,
        "median": 14.128644328594966,
        "std": 12.203187103754388
      },
      "pose_consistency": {
        "translation_m": {
          "count": 460,
          "mean": 0.01665339227436008,
          "median": 0.013026081248036715,
          "std": 0.019041215855935482
        },
        "rotation_deg": {
          "count": 460,
          "mean": 2.4869315465844,
          "median": 1.251604710533408,
          "std": 6.364899276879847
        }
      }
    }
  },
  "optimizer": {
    "name": "scipy_least_squares_huber",
    "max_nfev": 50,
    "verbose": 2,
    "planar_tags": true,
    "metrics": {
      "success": false,
      "cost": 10669.920733793115,
      "nfev": 50,
      "message": "The maximum number of function evaluations is exceeded."
    }
  },
  "visualizations": {
    "enabled": true,
    "dir": "apriltag_vis"
  },
  "markers": {
    "2": {
      "T_W_M": [
        [
          1.0,
          0.0,
          0.0,
          0.0
        ],
        [
          0.0,
          1.0,
          0.0,
          0.0
        ],
        [
          0.0,
          0.0,
          1.0,
          0.0
        ],
        [
          0.0,
          0.0,
          0.0,
          1.0
        ]
      ],
      "rvec": [
        0.0,
        0.0,
        0.0
      ],
      "tvec_m": [
        0.0,
        0.0,
        0.0
      ],
      "quaternion_wxyz": [
        1.0,
        0.0,
        0.0,
        0.0
      ],
      "observations": 460,
      "reproj_error_px": {
        "count": 460,
        "mean": 1.3790668916196829,
        "median": 1.0410865762266401,
        "std": 1.302916218818696
      },
      "pose_consistency": {
        "translation_m": {
          "count": 460,
          "mean": 0.008934668695665877,
          "median": 0.007497059622636754,
          "std": 0.006908697515778535
        },
        "rotation_deg": {
          "count": 460,
          "mean": 0.38352465457665996,
          "median": 0.3485694500072356,
          "std": 0.20696830334565947
        }
      }
    },
    "0": {
      "T_W_M": [
        [
          0.9991112423211826,
          -0.04215122142267083,
          0.0,
          -0.6018753678086473
        ],
        [
          0.04215122142267083,
          0.9991112423211826,
          0.0,
          -0.20627658096187845
        ],
        [
          0.0,
          0.0,
          1.0,
          0.0
        ],
        [
          0.0,
          0.0,
          0.0,
          1.0
        ]
      ],
      "rvec": [
        0.0,
        0.0,
        0.0421637132709087
      ],
      "tvec_m": [
        -0.6018753678086473,
        -0.20627658096187845,
        0.0
      ],
      "quaternion_wxyz": [
        0.9997777858907405,
        0.0,
        0.0,
        0.02108029505032295
      ],
      "observations": 460,
      "reproj_error_px": {
        "count": 460,
        "mean": 1.8275912829917165,
        "median": 0.8554052703057511,
        "std": 6.254946037905435
      },
      "pose_consistency": {
        "translation_m": {
          "count": 460,
          "mean": 0.011106258572556878,
          "median": 0.006133564820228133,
          "std": 0.01602758543585141
        },
        "rotation_deg": {
          "count": 460,
          "mean": 2.2067987846217156,
          "median": 0.9397428112031497,
          "std": 8.893340818116464
        }
      }
    },
    "1": {
      "T_W_M": [
        [
          0.9990457773003003,
          -0.043675334668881786,
          0.0,
          -0.3640933454488969
        ],
        [
          0.043675334668881786,
          0.9990457773003003,
          0.0,
          -0.0089107600347355
        ],
        [
          0.0,
          0.0,
          1.0,
          0.0
        ],
        [
          0.0,
          0.0,
          0.0,
          1.0
        ]
      ],
      "rvec": [
        0.0,
        0.0,
        0.04368923197206056
      ],
      "tvec_m": [
        -0.3640933454488969,
        -0.0089107600347355,
        0.0
      ],
      "quaternion_wxyz": [
        0.9997614158638801,
        0.0,
        0.0,
        0.021842878698785616
      ],
      "observations": 460,
      "reproj_error_px": {
        "count": 460,
        "mean": 1.142656362912932,
        "median": 0.8830205516703946,
        "std": 1.641870562842167
      },
      "pose_consistency": {
        "translation_m": {
          "count": 460,
          "mean": 0.02337940714953504,
          "median": 0.022208949174029644,
          "std": 0.012651321255750128
        },
        "rotation_deg": {
          "count": 460,
          "mean": 2.1120202578711735,
          "median": 1.23805755995246,
          "std": 7.71060472407724
        }
      }
    },